"batch_id","slug","content_type","age_group","domain","clinical_status","blocked","blocker_reasons","advisories","reference_count","organisations","dimension_key","dimension_en","dimension_mm","blocking","result","reviewer_name","reviewer_qualification","review_date","comment"
"batch-0-12m","ms_birth_2m_gross_motor_1","milestone","Birth–2 months","Gross Motor","clinical_review","no","","","6","AAP CDC JOURNAL TEXTBOOK WHO","factual_accuracy","Factual accuracy","အချက်အလက် မှန်ကန်မှု","blocking","","","","",""
"batch-0-12m","ms_birth_2m_gross_motor_1","milestone","Birth–2 months","Gross Motor","clinical_review","no","","","6","AAP CDC JOURNAL TEXTBOOK WHO","age_appropriateness","Age appropriateness","အသက်အရွယ်နှင့် သင့်တော်မှု","blocking","","","","",""
"batch-0-12m","ms_birth_2m_gross_motor_1","milestone","Birth–2 months","Gross Motor","clinical_review","no","","","6","AAP CDC JOURNAL TEXTBOOK WHO","safety","Safety","ဘေးကင်းလုံခြုံရေး","blocking","","","","",""
"batch-0-12m","ms_birth_2m_gross_motor_1","milestone","Birth–2 months","Gross Motor","clinical_review","no","","","6","AAP CDC JOURNAL TEXTBOOK WHO","myanmar_wording","Myanmar wording","မြန်မာစာ သုံးနှုန်းမှု","blocking","","","","",""
"batch-0-12m","ms_birth_2m_gross_motor_1","milestone","Birth–2 months","Gross Motor","clinical_review","no","","","6","AAP CDC JOURNAL TEXTBOOK WHO","non_diagnostic_language","Non-diagnostic language","ရောဂါအမည်တပ်ခြင်း မပါရှိမှု","blocking","","","","",""
"batch-0-12m","ms_birth_2m_gross_motor_1","milestone","Birth–2 months","Gross Motor","clinical_review","no","","","6","AAP CDC JOURNAL TEXTBOOK WHO","reference_relevance","Reference relevance","ကိုးကားချက် သက်ဆိုင်မှု","blocking","","","","",""
"batch-0-12m","ms_birth_2m_gross_motor_1","milestone","Birth–2 months","Gross Motor","clinical_review","no","","","6","AAP CDC JOURNAL TEXTBOOK WHO","outdated_evidence","Outdated evidence","ဟောင်းနွမ်းနေသော အထောက်အထား","advisory","","","","",""
"batch-0-12m","ms_birth_2m_gross_motor_1","milestone","Birth–2 months","Gross Motor","clinical_review","no","","","6","AAP CDC JOURNAL TEXTBOOK WHO","referral_guidance","Referral guidance","ဆရာဝန်ထံ ညွှန်းပို့ရန် လမ်းညွှန်","blocking","","","","",""
"batch-0-12m","ms_birth_2m_social_1","milestone","Birth–2 months","Social","clinical_review","no","","1 linked reference(s) old enough to look for a newer edition: nice-ph40-social-emotional-2012","5","AAP CDC NICE TEXTBOOK","factual_accuracy","Factual accuracy","အချက်အလက် မှန်ကန်မှု","blocking","","","","",""
"batch-0-12m","ms_birth_2m_social_1","milestone","Birth–2 months","Social","clinical_review","no","","1 linked reference(s) old enough to look for a newer edition: nice-ph40-social-emotional-2012","5","AAP CDC NICE TEXTBOOK","age_appropriateness","Age appropriateness","အသက်အရွယ်နှင့် သင့်တော်မှု","blocking","","","","",""
"batch-0-12m","ms_birth_2m_social_1","milestone","Birth–2 months","Social","clinical_review","no","","1 linked reference(s) old enough to look for a newer edition: nice-ph40-social-emotional-2012","5","AAP CDC NICE TEXTBOOK","safety","Safety","ဘေးကင်းလုံခြုံရေး","blocking","","","","",""
"batch-0-12m","ms_birth_2m_social_1","milestone","Birth–2 months","Social","clinical_review","no","","1 linked reference(s) old enough to look for a newer edition: nice-ph40-social-emotional-2012","5","AAP CDC NICE TEXTBOOK","myanmar_wording","Myanmar wording","မြန်မာစာ သုံးနှုန်းမှု","blocking","","","","",""
"batch-0-12m","ms_birth_2m_social_1","milestone","Birth–2 months","Social","clinical_review","no","","1 linked reference(s) old enough to look for a newer edition: nice-ph40-social-emotional-2012","5","AAP CDC NICE TEXTBOOK","non_diagnostic_language","Non-diagnostic language","ရောဂါအမည်တပ်ခြင်း မပါရှိမှု","blocking","","","","",""
"batch-0-12m","ms_birth_2m_social_1","milestone","Birth–2 months","Social","clinical_review","no","","1 linked reference(s) old enough to look for a newer edition: nice-ph40-social-emotional-2012","5","AAP CDC NICE TEXTBOOK","reference_relevance","Reference relevance","ကိုးကားချက် သက်ဆိုင်မှု","blocking","","","","",""
"batch-0-12m","ms_birth_2m_social_1","milestone","Birth–2 months","Social","clinical_review","no","","1 linked reference(s) old enough to look for a newer edition: nice-ph40-social-emotional-2012","5","AAP CDC NICE TEXTBOOK","outdated_evidence","Outdated evidence","ဟောင်းနွမ်းနေသော အထောက်အထား","advisory","","","","",""
"batch-0-12m","ms_birth_2m_social_1","milestone","Birth–2 months","Social","clinical_review","no","","1 linked reference(s) old enough to look for a newer edition: nice-ph40-social-emotional-2012","5","AAP CDC NICE TEXTBOOK","referral_guidance","Referral guidance","ဆရာဝန်ထံ ညွှန်းပို့ရန် လမ်းညွှန်","blocking","","","","",""
"batch-0-12m","ms_birth_2m_communication_1","milestone","Birth–2 months","Communication","clinical_review","no","","1 linked reference(s) overdue for re-check: nhs-learn-to-talk-2023; 1 linked reference(s) old enough to look for a newer edition: who-care-for-child-development-2012","5","AAP CDC NHS WHO","factual_accuracy","Factual accuracy","အချက်အလက် မှန်ကန်မှု","blocking","","","","",""
"batch-0-12m","ms_birth_2m_communication_1","milestone","Birth–2 months","Communication","clinical_review","no","","1 linked reference(s) overdue for re-check: nhs-learn-to-talk-2023; 1 linked reference(s) old enough to look for a newer edition: who-care-for-child-development-2012","5","AAP CDC NHS WHO","age_appropriateness","Age appropriateness","အသက်အရွယ်နှင့် သင့်တော်မှု","blocking","","","","",""
"batch-0-12m","ms_birth_2m_communication_1","milestone","Birth–2 months","Communication","clinical_review","no","","1 linked reference(s) overdue for re-check: nhs-learn-to-talk-2023; 1 linked reference(s) old enough to look for a newer edition: who-care-for-child-development-2012","5","AAP CDC NHS WHO","safety","Safety","ဘေးကင်းလုံခြုံရေး","blocking","","","","",""
"batch-0-12m","ms_birth_2m_communication_1","milestone","Birth–2 months","Communication","clinical_review","no","","1 linked reference(s) overdue for re-check: nhs-learn-to-talk-2023; 1 linked reference(s) old enough to look for a newer edition: who-care-for-child-development-2012","5","AAP CDC NHS WHO","myanmar_wording","Myanmar wording","မြန်မာစာ သုံးနှုန်းမှု","blocking","","","","",""
"batch-0-12m","ms_birth_2m_communication_1","milestone","Birth–2 months","Communication","clinical_review","no","","1 linked reference(s) overdue for re-check: nhs-learn-to-talk-2023; 1 linked reference(s) old enough to look for a newer edition: who-care-for-child-development-2012","5","AAP CDC NHS WHO","non_diagnostic_language","Non-diagnostic language","ရောဂါအမည်တပ်ခြင်း မပါရှိမှု","blocking","","","","",""
"batch-0-12m","ms_birth_2m_communication_1","milestone","Birth–2 months","Communication","clinical_review","no","","1 linked reference(s) overdue for re-check: nhs-learn-to-talk-2023; 1 linked reference(s) old enough to look for a newer edition: who-care-for-child-development-2012","5","AAP CDC NHS WHO","reference_relevance","Reference relevance","ကိုးကားချက် သက်ဆိုင်မှု","blocking","","","","",""
"batch-0-12m","ms_birth_2m_communication_1","milestone","Birth–2 months","Communication","clinical_review","no","","1 linked reference(s) overdue for re-check: nhs-learn-to-talk-2023; 1 linked reference(s) old enough to look for a newer edition: who-care-for-child-development-2012","5","AAP CDC NHS WHO","outdated_evidence","Outdated evidence","ဟောင်းနွမ်းနေသော အထောက်အထား","advisory","","","","",""
"batch-0-12m","ms_birth_2m_communication_1","milestone","Birth–2 months","Communication","clinical_review","no","","1 linked reference(s) overdue for re-check: nhs-learn-to-talk-2023; 1 linked reference(s) old enough to look for a newer edition: who-care-for-child-development-2012","5","AAP CDC NHS WHO","referral_guidance","Referral guidance","ဆရာဝန်ထံ ညွှန်းပို့ရန် လမ်းညွှန်","blocking","","","","",""
"batch-0-12m","ms_birth_2m_social_2","milestone","Birth–2 months","Social","clinical_review","no","","1 linked reference(s) old enough to look for a newer edition: nice-ph40-social-emotional-2012","5","AAP CDC NICE TEXTBOOK","factual_accuracy","Factual accuracy","အချက်အလက် မှန်ကန်မှု","blocking","","","","",""
"batch-0-12m","ms_birth_2m_social_2","milestone","Birth–2 months","Social","clinical_review","no","","1 linked reference(s) old enough to look for a newer edition: nice-ph40-social-emotional-2012","5","AAP CDC NICE TEXTBOOK","age_appropriateness","Age appropriateness","အသက်အရွယ်နှင့် သင့်တော်မှု","blocking","","","","",""
"batch-0-12m","ms_birth_2m_social_2","milestone","Birth–2 months","Social","clinical_review","no","","1 linked reference(s) old enough to look for a newer edition: nice-ph40-social-emotional-2012","5","AAP CDC NICE TEXTBOOK","safety","Safety","ဘေးကင်းလုံခြုံရေး","blocking","","","","",""
"batch-0-12m","ms_birth_2m_social_2","milestone","Birth–2 months","Social","clinical_review","no","","1 linked reference(s) old enough to look for a newer edition: nice-ph40-social-emotional-2012","5","AAP CDC NICE TEXTBOOK","myanmar_wording","Myanmar wording","မြန်မာစာ သုံးနှုန်းမှု","blocking","","","","",""
"batch-0-12m","ms_birth_2m_social_2","milestone","Birth–2 months","Social","clinical_review","no","","1 linked reference(s) old enough to look for a newer edition: nice-ph40-social-emotional-2012","5","AAP CDC NICE TEXTBOOK","non_diagnostic_language","Non-diagnostic language","ရောဂါအမည်တပ်ခြင်း မပါရှိမှု","blocking","","","","",""
"batch-0-12m","ms_birth_2m_social_2","milestone","Birth–2 months","Social","clinical_review","no","","1 linked reference(s) old enough to look for a newer edition: nice-ph40-social-emotional-2012","5","AAP CDC NICE TEXTBOOK","reference_relevance","Reference relevance","ကိုးကားချက် သက်ဆိုင်မှု","blocking","","","","",""
"batch-0-12m","ms_birth_2m_social_2","milestone","Birth–2 months","Social","clinical_review","no","","1 linked reference(s) old enough to look for a newer edition: nice-ph40-social-emotional-2012","5","AAP CDC NICE TEXTBOOK","outdated_evidence","Outdated evidence","ဟောင်းနွမ်းနေသော အထောက်အထား","advisory","","","","",""
"batch-0-12m","ms_birth_2m_social_2","milestone","Birth–2 months","Social","clinical_review","no","","1 linked reference(s) old enough to look for a newer edition: nice-ph40-social-emotional-2012","5","AAP CDC NICE TEXTBOOK","referral_guidance","Referral guidance","ဆရာဝန်ထံ ညွှန်းပို့ရန် လမ်းညွှန်","blocking","","","","",""
"batch-0-12m","ms_3_4m_gross_motor_1","milestone","3–4 months","Gross Motor","clinical_review","no","","","6","AAP CDC JOURNAL TEXTBOOK WHO","factual_accuracy","Factual accuracy","အချက်အလက် မှန်ကန်မှု","blocking","","","","",""
"batch-0-12m","ms_3_4m_gross_motor_1","milestone","3–4 months","Gross Motor","clinical_review","no","","","6","AAP CDC JOURNAL TEXTBOOK WHO","age_appropriateness","Age appropriateness","အသက်အရွယ်နှင့် သင့်တော်မှု","blocking","","","","",""
"batch-0-12m","ms_3_4m_gross_motor_1","milestone","3–4 months","Gross Motor","clinical_review","no","","","6","AAP CDC JOURNAL TEXTBOOK WHO","safety","Safety","ဘေးကင်းလုံခြုံရေး","blocking","","","","",""
"batch-0-12m","ms_3_4m_gross_motor_1","milestone","3–4 months","Gross Motor","clinical_review","no","","","6","AAP CDC JOURNAL TEXTBOOK WHO","myanmar_wording","Myanmar wording","မြန်မာစာ သုံးနှုန်းမှု","blocking","","","","",""
"batch-0-12m","ms_3_4m_gross_motor_1","milestone","3–4 months","Gross Motor","clinical_review","no","","","6","AAP CDC JOURNAL TEXTBOOK WHO","non_diagnostic_language","Non-diagnostic language","ရောဂါအမည်တပ်ခြင်း မပါရှိမှု","blocking","","","","",""
"batch-0-12m","ms_3_4m_gross_motor_1","milestone","3–4 months","Gross Motor","clinical_review","no","","","6","AAP CDC JOURNAL TEXTBOOK WHO","reference_relevance","Reference relevance","ကိုးကားချက် သက်ဆိုင်မှု","blocking","","","","",""
"batch-0-12m","ms_3_4m_gross_motor_1","milestone","3–4 months","Gross Motor","clinical_review","no","","","6","AAP CDC JOURNAL TEXTBOOK WHO","outdated_evidence","Outdated evidence","ဟောင်းနွမ်းနေသော အထောက်အထား","advisory","","","","",""
"batch-0-12m","ms_3_4m_gross_motor_1","milestone","3–4 months","Gross Motor","clinical_review","no","","","6","AAP CDC JOURNAL TEXTBOOK WHO","referral_guidance","Referral guidance","ဆရာဝန်ထံ ညွှန်းပို့ရန် လမ်းညွှန်","blocking","","","","",""
"batch-0-12m","ms_3_4m_fine_motor_1","milestone","3–4 months","Fine Motor","clinical_review","no","","","5","AAP CDC TEXTBOOK","factual_accuracy","Factual accuracy","အချက်အလက် မှန်ကန်မှု","blocking","","","","",""
"batch-0-12m","ms_3_4m_fine_motor_1","milestone","3–4 months","Fine Motor","clinical_review","no","","","5","AAP CDC TEXTBOOK","age_appropriateness","Age appropriateness","အသက်အရွယ်နှင့် သင့်တော်မှု","blocking","","","","",""
"batch-0-12m","ms_3_4m_fine_motor_1","milestone","3–4 months","Fine Motor","clinical_review","no","","","5","AAP CDC TEXTBOOK","safety","Safety","ဘေးကင်းလုံခြုံရေး","blocking","","","","",""
"batch-0-12m","ms_3_4m_fine_motor_1","milestone","3–4 months","Fine Motor","clinical_review","no","","","5","AAP CDC TEXTBOOK","myanmar_wording","Myanmar wording","မြန်မာစာ သုံးနှုန်းမှု","blocking","","","","",""
"batch-0-12m","ms_3_4m_fine_motor_1","milestone","3–4 months","Fine Motor","clinical_review","no","","","5","AAP CDC TEXTBOOK","non_diagnostic_language","Non-diagnostic language","ရောဂါအမည်တပ်ခြင်း မပါရှိမှု","blocking","","","","",""
"batch-0-12m","ms_3_4m_fine_motor_1","milestone","3–4 months","Fine Motor","clinical_review","no","","","5","AAP CDC TEXTBOOK","reference_relevance","Reference relevance","ကိုးကားချက် သက်ဆိုင်မှု","blocking","","","","",""
"batch-0-12m","ms_3_4m_fine_motor_1","milestone","3–4 months","Fine Motor","clinical_review","no","","","5","AAP CDC TEXTBOOK","outdated_evidence","Outdated evidence","ဟောင်းနွမ်းနေသော အထောက်အထား","advisory","","","","",""
"batch-0-12m","ms_3_4m_fine_motor_1","milestone","3–4 months","Fine Motor","clinical_review","no","","","5","AAP CDC TEXTBOOK","referral_guidance","Referral guidance","ဆရာဝန်ထံ ညွှန်းပို့ရန် လမ်းညွှန်","blocking","","","","",""
"batch-0-12m","ms_3_4m_communication_1","milestone","3–4 months","Communication","clinical_review","no","","1 linked reference(s) overdue for re-check: nhs-learn-to-talk-2023; 1 linked reference(s) old enough to look for a newer edition: who-care-for-child-development-2012","5","AAP CDC NHS WHO","factual_accuracy","Factual accuracy","အချက်အလက် မှန်ကန်မှု","blocking","","","","",""
"batch-0-12m","ms_3_4m_communication_1","milestone","3–4 months","Communication","clinical_review","no","","1 linked reference(s) overdue for re-check: nhs-learn-to-talk-2023; 1 linked reference(s) old enough to look for a newer edition: who-care-for-child-development-2012","5","AAP CDC NHS WHO","age_appropriateness","Age appropriateness","အသက်အရွယ်နှင့် သင့်တော်မှု","blocking","","","","",""
"batch-0-12m","ms_3_4m_communication_1","milestone","3–4 months","Communication","clinical_review","no","","1 linked reference(s) overdue for re-check: nhs-learn-to-talk-2023; 1 linked reference(s) old enough to look for a newer edition: who-care-for-child-development-2012","5","AAP CDC NHS WHO","safety","Safety","ဘေးကင်းလုံခြုံရေး","blocking","","","","",""
"batch-0-12m","ms_3_4m_communication_1","milestone","3–4 months","Communication","clinical_review","no","","1 linked reference(s) overdue for re-check: nhs-learn-to-talk-2023; 1 linked reference(s) old enough to look for a newer edition: who-care-for-child-development-2012","5","AAP CDC NHS WHO","myanmar_wording","Myanmar wording","မြန်မာစာ သုံးနှုန်းမှု","blocking","","","","",""
"batch-0-12m","ms_3_4m_communication_1","milestone","3–4 months","Communication","clinical_review","no","","1 linked reference(s) overdue for re-check: nhs-learn-to-talk-2023; 1 linked reference(s) old enough to look for a newer edition: who-care-for-child-development-2012","5","AAP CDC NHS WHO","non_diagnostic_language","Non-diagnostic language","ရောဂါအမည်တပ်ခြင်း မပါရှိမှု","blocking","","","","",""
"batch-0-12m","ms_3_4m_communication_1","milestone","3–4 months","Communication","clinical_review","no","","1 linked reference(s) overdue for re-check: nhs-learn-to-talk-2023; 1 linked reference(s) old enough to look for a newer edition: who-care-for-child-development-2012","5","AAP CDC NHS WHO","reference_relevance","Reference relevance","ကိုးကားချက် သက်ဆိုင်မှု","blocking","","","","",""
"batch-0-12m","ms_3_4m_communication_1","milestone","3–4 months","Communication","clinical_review","no","","1 linked reference(s) overdue for re-check: nhs-learn-to-talk-2023; 1 linked reference(s) old enough to look for a newer edition: who-care-for-child-development-2012","5","AAP CDC NHS WHO","outdated_evidence","Outdated evidence","ဟောင်းနွမ်းနေသော အထောက်အထား","advisory","","","","",""
"batch-0-12m","ms_3_4m_communication_1","milestone","3–4 months","Communication","clinical_review","no","","1 linked reference(s) overdue for re-check: nhs-learn-to-talk-2023; 1 linked reference(s) old enough to look for a newer edition: who-care-for-child-development-2012","5","AAP CDC NHS WHO","referral_guidance","Referral guidance","ဆရာဝန်ထံ ညွှန်းပို့ရန် လမ်းညွှန်","blocking","","","","",""
"batch-0-12m","ms_3_4m_emotional_1","milestone","3–4 months","Emotional","clinical_review","no","","1 linked reference(s) old enough to look for a newer edition: nice-ph40-social-emotional-2012","5","AAP CDC NICE","factual_accuracy","Factual accuracy","အချက်အလက် မှန်ကန်မှု","blocking","","","","",""
"batch-0-12m","ms_3_4m_emotional_1","milestone","3–4 months","Emotional","clinical_review","no","","1 linked reference(s) old enough to look for a newer edition: nice-ph40-social-emotional-2012","5","AAP CDC NICE","age_appropriateness","Age appropriateness","အသက်အရွယ်နှင့် သင့်တော်မှု","blocking","","","","",""
"batch-0-12m","ms_3_4m_emotional_1","milestone","3–4 months","Emotional","clinical_review","no","","1 linked reference(s) old enough to look for a newer edition: nice-ph40-social-emotional-2012","5","AAP CDC NICE","safety","Safety","ဘေးကင်းလုံခြုံရေး","blocking","","","","",""
"batch-0-12m","ms_3_4m_emotional_1","milestone","3–4 months","Emotional","clinical_review","no","","1 linked reference(s) old enough to look for a newer edition: nice-ph40-social-emotional-2012","5","AAP CDC NICE","myanmar_wording","Myanmar wording","မြန်မာစာ သုံးနှုန်းမှု","blocking","","","","",""
"batch-0-12m","ms_3_4m_emotional_1","milestone","3–4 months","Emotional","clinical_review","no","","1 linked reference(s) old enough to look for a newer edition: nice-ph40-social-emotional-2012","5","AAP CDC NICE","non_diagnostic_language","Non-diagnostic language","ရောဂါအမည်တပ်ခြင်း မပါရှိမှု","blocking","","","","",""
"batch-0-12m","ms_3_4m_emotional_1","milestone","3–4 months","Emotional","clinical_review","no","","1 linked reference(s) old enough to look for a newer edition: nice-ph40-social-emotional-2012","5","AAP CDC NICE","reference_relevance","Reference relevance","ကိုးကားချက် သက်ဆိုင်မှု","blocking","","","","",""
"batch-0-12m","ms_3_4m_emotional_1","milestone","3–4 months","Emotional","clinical_review","no","","1 linked reference(s) old enough to look for a newer edition: nice-ph40-social-emotional-2012","5","AAP CDC NICE","outdated_evidence","Outdated evidence","ဟောင်းနွမ်းနေသော အထောက်အထား","advisory","","","","",""
"batch-0-12m","ms_3_4m_emotional_1","milestone","3–4 months","Emotional","clinical_review","no","","1 linked reference(s) old enough to look for a newer edition: nice-ph40-social-emotional-2012","5","AAP CDC NICE","referral_guidance","Referral guidance","ဆရာဝန်ထံ ညွှန်းပို့ရန် လမ်းညွှန်","blocking","","","","",""
"batch-0-12m","ms_5_6m_gross_motor_1","milestone","5–6 months","Gross Motor","clinical_review","no","","","6","AAP CDC JOURNAL TEXTBOOK WHO","factual_accuracy","Factual accuracy","အချက်အလက် မှန်ကန်မှု","blocking","","","","",""
"batch-0-12m","ms_5_6m_gross_motor_1","milestone","5–6 months","Gross Motor","clinical_review","no","","","6","AAP CDC JOURNAL TEXTBOOK WHO","age_appropriateness","Age appropriateness","အသက်အရွယ်နှင့် သင့်တော်မှု","blocking","","","","",""
"batch-0-12m","ms_5_6m_gross_motor_1","milestone","5–6 months","Gross Motor","clinical_review","no","","","6","AAP CDC JOURNAL TEXTBOOK WHO","safety","Safety","ဘေးကင်းလုံခြုံရေး","blocking","","","","",""
"batch-0-12m","ms_5_6m_gross_motor_1","milestone","5–6 months","Gross Motor","clinical_review","no","","","6","AAP CDC JOURNAL TEXTBOOK WHO","myanmar_wording","Myanmar wording","မြန်မာစာ သုံးနှုန်းမှု","blocking","","","","",""
"batch-0-12m","ms_5_6m_gross_motor_1","milestone","5–6 months","Gross Motor","clinical_review","no","","","6","AAP CDC JOURNAL TEXTBOOK WHO","non_diagnostic_language","Non-diagnostic language","ရောဂါအမည်တပ်ခြင်း မပါရှိမှု","blocking","","","","",""
"batch-0-12m","ms_5_6m_gross_motor_1","milestone","5–6 months","Gross Motor","clinical_review","no","","","6","AAP CDC JOURNAL TEXTBOOK WHO","reference_relevance","Reference relevance","ကိုးကားချက် သက်ဆိုင်မှု","blocking","","","","",""
"batch-0-12m","ms_5_6m_gross_motor_1","milestone","5–6 months","Gross Motor","clinical_review","no","","","6","AAP CDC JOURNAL TEXTBOOK WHO","outdated_evidence","Outdated evidence","ဟောင်းနွမ်းနေသော အထောက်အထား","advisory","","","","",""
"batch-0-12m","ms_5_6m_gross_motor_1","milestone","5–6 months","Gross Motor","clinical_review","no","","","6","AAP CDC JOURNAL TEXTBOOK WHO","referral_guidance","Referral guidance","ဆရာဝန်ထံ ညွှန်းပို့ရန် လမ်းညွှန်","blocking","","","","",""
"batch-0-12m","ms_5_6m_speech_1","milestone","5–6 months","Speech","clinical_review","no","","1 linked reference(s) overdue for re-check: nhs-learn-to-talk-2023","5","AAP CDC NHS TEXTBOOK","factual_accuracy","Factual accuracy","အချက်အလက် မှန်ကန်မှု","blocking","","","","",""
"batch-0-12m","ms_5_6m_speech_1","milestone","5–6 months","Speech","clinical_review","no","","1 linked reference(s) overdue for re-check: nhs-learn-to-talk-2023","5","AAP CDC NHS TEXTBOOK","age_appropriateness","Age appropriateness","အသက်အရွယ်နှင့် သင့်တော်မှု","blocking","","","","",""
"batch-0-12m","ms_5_6m_speech_1","milestone","5–6 months","Speech","clinical_review","no","","1 linked reference(s) overdue for re-check: nhs-learn-to-talk-2023","5","AAP CDC NHS TEXTBOOK","safety","Safety","ဘေးကင်းလုံခြုံရေး","blocking","","","","",""
"batch-0-12m","ms_5_6m_speech_1","milestone","5–6 months","Speech","clinical_review","no","","1 linked reference(s) overdue for re-check: nhs-learn-to-talk-2023","5","AAP CDC NHS TEXTBOOK","myanmar_wording","Myanmar wording","မြန်မာစာ သုံးနှုန်းမှု","blocking","","","","",""
"batch-0-12m","ms_5_6m_speech_1","milestone","5–6 months","Speech","clinical_review","no","","1 linked reference(s) overdue for re-check: nhs-learn-to-talk-2023","5","AAP CDC NHS TEXTBOOK","non_diagnostic_language","Non-diagnostic language","ရောဂါအမည်တပ်ခြင်း မပါရှိမှု","blocking","","","","",""
"batch-0-12m","ms_5_6m_speech_1","milestone","5–6 months","Speech","clinical_review","no","","1 linked reference(s) overdue for re-check: nhs-learn-to-talk-2023","5","AAP CDC NHS TEXTBOOK","reference_relevance","Reference relevance","ကိုးကားချက် သက်ဆိုင်မှု","blocking","","","","",""
"batch-0-12m","ms_5_6m_speech_1","milestone","5–6 months","Speech","clinical_review","no","","1 linked reference(s) overdue for re-check: nhs-learn-to-talk-2023","5","AAP CDC NHS TEXTBOOK","outdated_evidence","Outdated evidence","ဟောင်းနွမ်းနေသော အထောက်အထား","advisory","","","","",""
"batch-0-12m","ms_5_6m_speech_1","milestone","5–6 months","Speech","clinical_review","no","","1 linked reference(s) overdue for re-check: nhs-learn-to-talk-2023","5","AAP CDC NHS TEXTBOOK","referral_guidance","Referral guidance","ဆရာဝန်ထံ ညွှန်းပို့ရန် လမ်းညွှန်","blocking","","","","",""
"batch-0-12m","ms_5_6m_cognitive_1","milestone","5–6 months","Cognitive","clinical_review","no","","","5","AAP CDC TEXTBOOK","factual_accuracy","Factual accuracy","အချက်အလက် မှန်ကန်မှု","blocking","","","","",""
"batch-0-12m","ms_5_6m_cognitive_1","milestone","5–6 months","Cognitive","clinical_review","no","","","5","AAP CDC TEXTBOOK","age_appropriateness","Age appropriateness","အသက်အရွယ်နှင့် သင့်တော်မှု","blocking","","","","",""
"batch-0-12m","ms_5_6m_cognitive_1","milestone","5–6 months","Cognitive","clinical_review","no","","","5","AAP CDC TEXTBOOK","safety","Safety","ဘေးကင်းလုံခြုံရေး","blocking","","","","",""
"batch-0-12m","ms_5_6m_cognitive_1","milestone","5–6 months","Cognitive","clinical_review","no","","","5","AAP CDC TEXTBOOK","myanmar_wording","Myanmar wording","မြန်မာစာ သုံးနှုန်းမှု","blocking","","","","",""
"batch-0-12m","ms_5_6m_cognitive_1","milestone","5–6 months","Cognitive","clinical_review","no","","","5","AAP CDC TEXTBOOK","non_diagnostic_language","Non-diagnostic language","ရောဂါအမည်တပ်ခြင်း မပါရှိမှု","blocking","","","","",""
"batch-0-12m","ms_5_6m_cognitive_1","milestone","5–6 months","Cognitive","clinical_review","no","","","5","AAP CDC TEXTBOOK","reference_relevance","Reference relevance","ကိုးကားချက် သက်ဆိုင်မှု","blocking","","","","",""
"batch-0-12m","ms_5_6m_cognitive_1","milestone","5–6 months","Cognitive","clinical_review","no","","","5","AAP CDC TEXTBOOK","outdated_evidence","Outdated evidence","ဟောင်းနွမ်းနေသော အထောက်အထား","advisory","","","","",""
"batch-0-12m","ms_5_6m_cognitive_1","milestone","5–6 months","Cognitive","clinical_review","no","","","5","AAP CDC TEXTBOOK","referral_guidance","Referral guidance","ဆရာဝန်ထံ ညွှန်းပို့ရန် လမ်းညွှန်","blocking","","","","",""
"batch-0-12m","ms_5_6m_play_1","milestone","5–6 months","Play","clinical_review","no","","1 linked reference(s) old enough to look for a newer edition: who-care-for-child-development-2012","5","AAP CDC WHO","factual_accuracy","Factual accuracy","အချက်အလက် မှန်ကန်မှု","blocking","","","","",""
"batch-0-12m","ms_5_6m_play_1","milestone","5–6 months","Play","clinical_review","no","","1 linked reference(s) old enough to look for a newer edition: who-care-for-child-development-2012","5","AAP CDC WHO","age_appropriateness","Age appropriateness","အသက်အရွယ်နှင့် သင့်တော်မှု","blocking","","","","",""
"batch-0-12m","ms_5_6m_play_1","milestone","5–6 months","Play","clinical_review","no","","1 linked reference(s) old enough to look for a newer edition: who-care-for-child-development-2012","5","AAP CDC WHO","safety","Safety","ဘေးကင်းလုံခြုံရေး","blocking","","","","",""
"batch-0-12m","ms_5_6m_play_1","milestone","5–6 months","Play","clinical_review","no","","1 linked reference(s) old enough to look for a newer edition: who-care-for-child-development-2012","5","AAP CDC WHO","myanmar_wording","Myanmar wording","မြန်မာစာ သုံးနှုန်းမှု","blocking","","","","",""
"batch-0-12m","ms_5_6m_play_1","milestone","5–6 months","Play","clinical_review","no","","1 linked reference(s) old enough to look for a newer edition: who-care-for-child-development-2012","5","AAP CDC WHO","non_diagnostic_language","Non-diagnostic language","ရောဂါအမည်တပ်ခြင်း မပါရှိမှု","blocking","","","","",""
"batch-0-12m","ms_5_6m_play_1","milestone","5–6 months","Play","clinical_review","no","","1 linked reference(s) old enough to look for a newer edition: who-care-for-child-development-2012","5","AAP CDC WHO","reference_relevance","Reference relevance","ကိုးကားချက် သက်ဆိုင်မှု","blocking","","","","",""
"batch-0-12m","ms_5_6m_play_1","milestone","5–6 months","Play","clinical_review","no","","1 linked reference(s) old enough to look for a newer edition: who-care-for-child-development-2012","5","AAP CDC WHO","outdated_evidence","Outdated evidence","ဟောင်းနွမ်းနေသော အထောက်အထား","advisory","","","","",""
"batch-0-12m","ms_5_6m_play_1","milestone","5–6 months","Play","clinical_review","no","","1 linked reference(s) old enough to look for a newer edition: who-care-for-child-development-2012","5","AAP CDC WHO","referral_guidance","Referral guidance","ဆရာဝန်ထံ ညွှန်းပို့ရန် လမ်းညွှန်","blocking","","","","",""
"batch-0-12m","ms_7_9m_gross_motor_1","milestone","7–9 months","Gross Motor","clinical_review","no","","","6","AAP CDC JOURNAL TEXTBOOK WHO","factual_accuracy","Factual accuracy","အချက်အလက် မှန်ကန်မှု","blocking","","","","",""
"batch-0-12m","ms_7_9m_gross_motor_1","milestone","7–9 months","Gross Motor","clinical_review","no","","","6","AAP CDC JOURNAL TEXTBOOK WHO","age_appropriateness","Age appropriateness","အသက်အရွယ်နှင့် သင့်တော်မှု","blocking","","","","",""
"batch-0-12m","ms_7_9m_gross_motor_1","milestone","7–9 months","Gross Motor","clinical_review","no","","","6","AAP CDC JOURNAL TEXTBOOK WHO","safety","Safety","ဘေးကင်းလုံခြုံရေး","blocking","","","","",""
"batch-0-12m","ms_7_9m_gross_motor_1","milestone","7–9 months","Gross Motor","clinical_review","no","","","6","AAP CDC JOURNAL TEXTBOOK WHO","myanmar_wording","Myanmar wording","မြန်မာစာ သုံးနှုန်းမှု","blocking","","","","",""
"batch-0-12m","ms_7_9m_gross_motor_1","milestone","7–9 months","Gross Motor","clinical_review","no","","","6","AAP CDC JOURNAL TEXTBOOK WHO","non_diagnostic_language","Non-diagnostic language","ရောဂါအမည်တပ်ခြင်း မပါရှိမှု","blocking","","","","",""
"batch-0-12m","ms_7_9m_gross_motor_1","milestone","7–9 months","Gross Motor","clinical_review","no","","","6","AAP CDC JOURNAL TEXTBOOK WHO","reference_relevance","Reference relevance","ကိုးကားချက် သက်ဆိုင်မှု","blocking","","","","",""
"batch-0-12m","ms_7_9m_gross_motor_1","milestone","7–9 months","Gross Motor","clinical_review","no","","","6","AAP CDC JOURNAL TEXTBOOK WHO","outdated_evidence","Outdated evidence","ဟောင်းနွမ်းနေသော အထောက်အထား","advisory","","","","",""
"batch-0-12m","ms_7_9m_gross_motor_1","milestone","7–9 months","Gross Motor","clinical_review","no","","","6","AAP CDC JOURNAL TEXTBOOK WHO","referral_guidance","Referral guidance","ဆရာဝန်ထံ ညွှန်းပို့ရန် လမ်းညွှန်","blocking","","","","",""
"batch-0-12m","ms_7_9m_fine_motor_1","milestone","7–9 months","Fine Motor","clinical_review","no","","","5","AAP CDC TEXTBOOK","factual_accuracy","Factual accuracy","အချက်အလက် မှန်ကန်မှု","blocking","","","","",""
"batch-0-12m","ms_7_9m_fine_motor_1","milestone","7–9 months","Fine Motor","clinical_review","no","","","5","AAP CDC TEXTBOOK","age_appropriateness","Age appropriateness","အသက်အရွယ်နှင့် သင့်တော်မှု","blocking","","","","",""
"batch-0-12m","ms_7_9m_fine_motor_1","milestone","7–9 months","Fine Motor","clinical_review","no","","","5","AAP CDC TEXTBOOK","safety","Safety","ဘေးကင်းလုံခြုံရေး","blocking","","","","",""
"batch-0-12m","ms_7_9m_fine_motor_1","milestone","7–9 months","Fine Motor","clinical_review","no","","","5","AAP CDC TEXTBOOK","myanmar_wording","Myanmar wording","မြန်မာစာ သုံးနှုန်းမှု","blocking","","","","",""
"batch-0-12m","ms_7_9m_fine_motor_1","milestone","7–9 months","Fine Motor","clinical_review","no","","","5","AAP CDC TEXTBOOK","non_diagnostic_language","Non-diagnostic language","ရောဂါအမည်တပ်ခြင်း မပါရှိမှု","blocking","","","","",""
"batch-0-12m","ms_7_9m_fine_motor_1","milestone","7–9 months","Fine Motor","clinical_review","no","","","5","AAP CDC TEXTBOOK","reference_relevance","Reference relevance","ကိုးကားချက် သက်ဆိုင်မှု","blocking","","","","",""
"batch-0-12m","ms_7_9m_fine_motor_1","milestone","7–9 months","Fine Motor","clinical_review","no","","","5","AAP CDC TEXTBOOK","outdated_evidence","Outdated evidence","ဟောင်းနွမ်းနေသော အထောက်အထား","advisory","","","","",""
"batch-0-12m","ms_7_9m_fine_motor_1","milestone","7–9 months","Fine Motor","clinical_review","no","","","5","AAP CDC TEXTBOOK","referral_guidance","Referral guidance","ဆရာဝန်ထံ ညွှန်းပို့ရန် လမ်းညွှန်","blocking","","","","",""
"batch-0-12m","ms_7_9m_language_1","milestone","7–9 months","Language","clinical_review","no","","","5","AAP CDC JOURNAL TEXTBOOK","factual_accuracy","Factual accuracy","အချက်အလက် မှန်ကန်မှု","blocking","","","","",""
"batch-0-12m","ms_7_9m_language_1","milestone","7–9 months","Language","clinical_review","no","","","5","AAP CDC JOURNAL TEXTBOOK","age_appropriateness","Age appropriateness","အသက်အရွယ်နှင့် သင့်တော်မှု","blocking","","","","",""
"batch-0-12m","ms_7_9m_language_1","milestone","7–9 months","Language","clinical_review","no","","","5","AAP CDC JOURNAL TEXTBOOK","safety","Safety","ဘေးကင်းလုံခြုံရေး","blocking","","","","",""
"batch-0-12m","ms_7_9m_language_1","milestone","7–9 months","Language","clinical_review","no","","","5","AAP CDC JOURNAL TEXTBOOK","myanmar_wording","Myanmar wording","မြန်မာစာ သုံးနှုန်းမှု","blocking","","","","",""
"batch-0-12m","ms_7_9m_language_1","milestone","7–9 months","Language","clinical_review","no","","","5","AAP CDC JOURNAL TEXTBOOK","non_diagnostic_language","Non-diagnostic language","ရောဂါအမည်တပ်ခြင်း မပါရှိမှု","blocking","","","","",""
"batch-0-12m","ms_7_9m_language_1","milestone","7–9 months","Language","clinical_review","no","","","5","AAP CDC JOURNAL TEXTBOOK","reference_relevance","Reference relevance","ကိုးကားချက် သက်ဆိုင်မှု","blocking","","","","",""
"batch-0-12m","ms_7_9m_language_1","milestone","7–9 months","Language","clinical_review","no","","","5","AAP CDC JOURNAL TEXTBOOK","outdated_evidence","Outdated evidence","ဟောင်းနွမ်းနေသော အထောက်အထား","advisory","","","","",""
"batch-0-12m","ms_7_9m_language_1","milestone","7–9 months","Language","clinical_review","no","","","5","AAP CDC JOURNAL TEXTBOOK","referral_guidance","Referral guidance","ဆရာဝန်ထံ ညွှန်းပို့ရန် လမ်းညွှန်","blocking","","","","",""
"batch-0-12m","ms_7_9m_social_1","milestone","7–9 months","Social","clinical_review","no","","1 linked reference(s) old enough to look for a newer edition: nice-ph40-social-emotional-2012","5","AAP CDC NICE TEXTBOOK","factual_accuracy","Factual accuracy","အချက်အလက် မှန်ကန်မှု","blocking","","","","",""
"batch-0-12m","ms_7_9m_social_1","milestone","7–9 months","Social","clinical_review","no","","1 linked reference(s) old enough to look for a newer edition: nice-ph40-social-emotional-2012","5","AAP CDC NICE TEXTBOOK","age_appropriateness","Age appropriateness","အသက်အရွယ်နှင့် သင့်တော်မှု","blocking","","","","",""
"batch-0-12m","ms_7_9m_social_1","milestone","7–9 months","Social","clinical_review","no","","1 linked reference(s) old enough to look for a newer edition: nice-ph40-social-emotional-2012","5","AAP CDC NICE TEXTBOOK","safety","Safety","ဘေးကင်းလုံခြုံရေး","blocking","","","","",""
"batch-0-12m","ms_7_9m_social_1","milestone","7–9 months","Social","clinical_review","no","","1 linked reference(s) old enough to look for a newer edition: nice-ph40-social-emotional-2012","5","AAP CDC NICE TEXTBOOK","myanmar_wording","Myanmar wording","မြန်မာစာ သုံးနှုန်းမှု","blocking","","","","",""
"batch-0-12m","ms_7_9m_social_1","milestone","7–9 months","Social","clinical_review","no","","1 linked reference(s) old enough to look for a newer edition: nice-ph40-social-emotional-2012","5","AAP CDC NICE TEXTBOOK","non_diagnostic_language","Non-diagnostic language","ရောဂါအမည်တပ်ခြင်း မပါရှိမှု","blocking","","","","",""
"batch-0-12m","ms_7_9m_social_1","milestone","7–9 months","Social","clinical_review","no","","1 linked reference(s) old enough to look for a newer edition: nice-ph40-social-emotional-2012","5","AAP CDC NICE TEXTBOOK","reference_relevance","Reference relevance","ကိုးကားချက် သက်ဆိုင်မှု","blocking","","","","",""
"batch-0-12m","ms_7_9m_social_1","milestone","7–9 months","Social","clinical_review","no","","1 linked reference(s) old enough to look for a newer edition: nice-ph40-social-emotional-2012","5","AAP CDC NICE TEXTBOOK","outdated_evidence","Outdated evidence","ဟောင်းနွမ်းနေသော အထောက်အထား","advisory","","","","",""
"batch-0-12m","ms_7_9m_social_1","milestone","7–9 months","Social","clinical_review","no","","1 linked reference(s) old enough to look for a newer edition: nice-ph40-social-emotional-2012","5","AAP CDC NICE TEXTBOOK","referral_guidance","Referral guidance","ဆရာဝန်ထံ ညွှန်းပို့ရန် လမ်းညွှန်","blocking","","","","",""
"batch-0-12m","ms_10_12m_gross_motor_1","milestone","10–12 months","Gross Motor","clinical_review","no","","","6","AAP CDC JOURNAL TEXTBOOK WHO","factual_accuracy","Factual accuracy","အချက်အလက် မှန်ကန်မှု","blocking","","","","",""
"batch-0-12m","ms_10_12m_gross_motor_1","milestone","10–12 months","Gross Motor","clinical_review","no","","","6","AAP CDC JOURNAL TEXTBOOK WHO","age_appropriateness","Age appropriateness","အသက်အရွယ်နှင့် သင့်တော်မှု","blocking","","","","",""
"batch-0-12m","ms_10_12m_gross_motor_1","milestone","10–12 months","Gross Motor","clinical_review","no","","","6","AAP CDC JOURNAL TEXTBOOK WHO","safety","Safety","ဘေးကင်းလုံခြုံရေး","blocking","","","","",""
"batch-0-12m","ms_10_12m_gross_motor_1","milestone","10–12 months","Gross Motor","clinical_review","no","","","6","AAP CDC JOURNAL TEXTBOOK WHO","myanmar_wording","Myanmar wording","မြန်မာစာ သုံးနှုန်းမှု","blocking","","","","",""
"batch-0-12m","ms_10_12m_gross_motor_1","milestone","10–12 months","Gross Motor","clinical_review","no","","","6","AAP CDC JOURNAL TEXTBOOK WHO","non_diagnostic_language","Non-diagnostic language","ရောဂါအမည်တပ်ခြင်း မပါရှိမှု","blocking","","","","",""
"batch-0-12m","ms_10_12m_gross_motor_1","milestone","10–12 months","Gross Motor","clinical_review","no","","","6","AAP CDC JOURNAL TEXTBOOK WHO","reference_relevance","Reference relevance","ကိုးကားချက် သက်ဆိုင်မှု","blocking","","","","",""
"batch-0-12m","ms_10_12m_gross_motor_1","milestone","10–12 months","Gross Motor","clinical_review","no","","","6","AAP CDC JOURNAL TEXTBOOK WHO","outdated_evidence","Outdated evidence","ဟောင်းနွမ်းနေသော အထောက်အထား","advisory","","","","",""
"batch-0-12m","ms_10_12m_gross_motor_1","milestone","10–12 months","Gross Motor","clinical_review","no","","","6","AAP CDC JOURNAL TEXTBOOK WHO","referral_guidance","Referral guidance","ဆရာဝန်ထံ ညွှန်းပို့ရန် လမ်းညွှန်","blocking","","","","",""
"batch-0-12m","ms_10_12m_communication_1","milestone","10–12 months","Communication","clinical_review","no","","1 linked reference(s) overdue for re-check: nhs-learn-to-talk-2023; 1 linked reference(s) old enough to look for a newer edition: who-care-for-child-development-2012","5","AAP CDC NHS WHO","factual_accuracy","Factual accuracy","အချက်အလက် မှန်ကန်မှု","blocking","","","","",""
"batch-0-12m","ms_10_12m_communication_1","milestone","10–12 months","Communication","clinical_review","no","","1 linked reference(s) overdue for re-check: nhs-learn-to-talk-2023; 1 linked reference(s) old enough to look for a newer edition: who-care-for-child-development-2012","5","AAP CDC NHS WHO","age_appropriateness","Age appropriateness","အသက်အရွယ်နှင့် သင့်တော်မှု","blocking","","","","",""
"batch-0-12m","ms_10_12m_communication_1","milestone","10–12 months","Communication","clinical_review","no","","1 linked reference(s) overdue for re-check: nhs-learn-to-talk-2023; 1 linked reference(s) old enough to look for a newer edition: who-care-for-child-development-2012","5","AAP CDC NHS WHO","safety","Safety","ဘေးကင်းလုံခြုံရေး","blocking","","","","",""
"batch-0-12m","ms_10_12m_communication_1","milestone","10–12 months","Communication","clinical_review","no","","1 linked reference(s) overdue for re-check: nhs-learn-to-talk-2023; 1 linked reference(s) old enough to look for a newer edition: who-care-for-child-development-2012","5","AAP CDC NHS WHO","myanmar_wording","Myanmar wording","မြန်မာစာ သုံးနှုန်းမှု","blocking","","","","",""
"batch-0-12m","ms_10_12m_communication_1","milestone","10–12 months","Communication","clinical_review","no","","1 linked reference(s) overdue for re-check: nhs-learn-to-talk-2023; 1 linked reference(s) old enough to look for a newer edition: who-care-for-child-development-2012","5","AAP CDC NHS WHO","non_diagnostic_language","Non-diagnostic language","ရောဂါအမည်တပ်ခြင်း မပါရှိမှု","blocking","","","","",""
"batch-0-12m","ms_10_12m_communication_1","milestone","10–12 months","Communication","clinical_review","no","","1 linked reference(s) overdue for re-check: nhs-learn-to-talk-2023; 1 linked reference(s) old enough to look for a newer edition: who-care-for-child-development-2012","5","AAP CDC NHS WHO","reference_relevance","Reference relevance","ကိုးကားချက် သက်ဆိုင်မှု","blocking","","","","",""
"batch-0-12m","ms_10_12m_communication_1","milestone","10–12 months","Communication","clinical_review","no","","1 linked reference(s) overdue for re-check: nhs-learn-to-talk-2023; 1 linked reference(s) old enough to look for a newer edition: who-care-for-child-development-2012","5","AAP CDC NHS WHO","outdated_evidence","Outdated evidence","ဟောင်းနွမ်းနေသော အထောက်အထား","advisory","","","","",""
"batch-0-12m","ms_10_12m_communication_1","milestone","10–12 months","Communication","clinical_review","no","","1 linked reference(s) overdue for re-check: nhs-learn-to-talk-2023; 1 linked reference(s) old enough to look for a newer edition: who-care-for-child-development-2012","5","AAP CDC NHS WHO","referral_guidance","Referral guidance","ဆရာဝန်ထံ ညွှန်းပို့ရန် လမ်းညွှန်","blocking","","","","",""
"batch-0-12m","ms_10_12m_problem_solving_1","milestone","10–12 months","Problem Solving","clinical_review","no","","","5","AAP CDC TEXTBOOK","factual_accuracy","Factual accuracy","အချက်အလက် မှန်ကန်မှု","blocking","","","","",""
"batch-0-12m","ms_10_12m_problem_solving_1","milestone","10–12 months","Problem Solving","clinical_review","no","","","5","AAP CDC TEXTBOOK","age_appropriateness","Age appropriateness","အသက်အရွယ်နှင့် သင့်တော်မှု","blocking","","","","",""
"batch-0-12m","ms_10_12m_problem_solving_1","milestone","10–12 months","Problem Solving","clinical_review","no","","","5","AAP CDC TEXTBOOK","safety","Safety","ဘေးကင်းလုံခြုံရေး","blocking","","","","",""
"batch-0-12m","ms_10_12m_problem_solving_1","milestone","10–12 months","Problem Solving","clinical_review","no","","","5","AAP CDC TEXTBOOK","myanmar_wording","Myanmar wording","မြန်မာစာ သုံးနှုန်းမှု","blocking","","","","",""
"batch-0-12m","ms_10_12m_problem_solving_1","milestone","10–12 months","Problem Solving","clinical_review","no","","","5","AAP CDC TEXTBOOK","non_diagnostic_language","Non-diagnostic language","ရောဂါအမည်တပ်ခြင်း မပါရှိမှု","blocking","","","","",""
"batch-0-12m","ms_10_12m_problem_solving_1","milestone","10–12 months","Problem Solving","clinical_review","no","","","5","AAP CDC TEXTBOOK","reference_relevance","Reference relevance","ကိုးကားချက် သက်ဆိုင်မှု","blocking","","","","",""
"batch-0-12m","ms_10_12m_problem_solving_1","milestone","10–12 months","Problem Solving","clinical_review","no","","","5","AAP CDC TEXTBOOK","outdated_evidence","Outdated evidence","ဟောင်းနွမ်းနေသော အထောက်အထား","advisory","","","","",""
"batch-0-12m","ms_10_12m_problem_solving_1","milestone","10–12 months","Problem Solving","clinical_review","no","","","5","AAP CDC TEXTBOOK","referral_guidance","Referral guidance","ဆရာဝန်ထံ ညွှန်းပို့ရန် လမ်းညွှန်","blocking","","","","",""
"batch-0-12m","ms_10_12m_self_help_1","milestone","10–12 months","Self Help","clinical_review","no","","1 linked reference(s) old enough to look for a newer edition: tb-bright-futures-4e-2017","5","AAP CDC TEXTBOOK","factual_accuracy","Factual accuracy","အချက်အလက် မှန်ကန်မှု","blocking","","","","",""
"batch-0-12m","ms_10_12m_self_help_1","milestone","10–12 months","Self Help","clinical_review","no","","1 linked reference(s) old enough to look for a newer edition: tb-bright-futures-4e-2017","5","AAP CDC TEXTBOOK","age_appropriateness","Age appropriateness","အသက်အရွယ်နှင့် သင့်တော်မှု","blocking","","","","",""
"batch-0-12m","ms_10_12m_self_help_1","milestone","10–12 months","Self Help","clinical_review","no","","1 linked reference(s) old enough to look for a newer edition: tb-bright-futures-4e-2017","5","AAP CDC TEXTBOOK","safety","Safety","ဘေးကင်းလုံခြုံရေး","blocking","","","","",""
"batch-0-12m","ms_10_12m_self_help_1","milestone","10–12 months","Self Help","clinical_review","no","","1 linked reference(s) old enough to look for a newer edition: tb-bright-futures-4e-2017","5","AAP CDC TEXTBOOK","myanmar_wording","Myanmar wording","မြန်မာစာ သုံးနှုန်းမှု","blocking","","","","",""
"batch-0-12m","ms_10_12m_self_help_1","milestone","10–12 months","Self Help","clinical_review","no","","1 linked reference(s) old enough to look for a newer edition: tb-bright-futures-4e-2017","5","AAP CDC TEXTBOOK","non_diagnostic_language","Non-diagnostic language","ရောဂါအမည်တပ်ခြင်း မပါရှိမှု","blocking","","","","",""
"batch-0-12m","ms_10_12m_self_help_1","milestone","10–12 months","Self Help","clinical_review","no","","1 linked reference(s) old enough to look for a newer edition: tb-bright-futures-4e-2017","5","AAP CDC TEXTBOOK","reference_relevance","Reference relevance","ကိုးကားချက် သက်ဆိုင်မှု","blocking","","","","",""
"batch-0-12m","ms_10_12m_self_help_1","milestone","10–12 months","Self Help","clinical_review","no","","1 linked reference(s) old enough to look for a newer edition: tb-bright-futures-4e-2017","5","AAP CDC TEXTBOOK","outdated_evidence","Outdated evidence","ဟောင်းနွမ်းနေသော အထောက်အထား","advisory","","","","",""
"batch-0-12m","ms_10_12m_self_help_1","milestone","10–12 months","Self Help","clinical_review","no","","1 linked reference(s) old enough to look for a newer edition: tb-bright-futures-4e-2017","5","AAP CDC TEXTBOOK","referral_guidance","Referral guidance","ဆရာဝန်ထံ ညွှန်းပို့ရန် လမ်းညွှန်","blocking","","","","",""
"batch-0-12m","gd_7_9m_gross_motor","guide","7–9 months","Gross Motor","clinical_review","no","","","3","CDC JOURNAL TEXTBOOK","factual_accuracy","Factual accuracy","အချက်အလက် မှန်ကန်မှု","blocking","","","","",""
"batch-0-12m","gd_7_9m_gross_motor","guide","7–9 months","Gross Motor","clinical_review","no","","","3","CDC JOURNAL TEXTBOOK","age_appropriateness","Age appropriateness","အသက်အရွယ်နှင့် သင့်တော်မှု","blocking","","","","",""
"batch-0-12m","gd_7_9m_gross_motor","guide","7–9 months","Gross Motor","clinical_review","no","","","3","CDC JOURNAL TEXTBOOK","safety","Safety","ဘေးကင်းလုံခြုံရေး","blocking","","","","",""
"batch-0-12m","gd_7_9m_gross_motor","guide","7–9 months","Gross Motor","clinical_review","no","","","3","CDC JOURNAL TEXTBOOK","myanmar_wording","Myanmar wording","မြန်မာစာ သုံးနှုန်းမှု","blocking","","","","",""
"batch-0-12m","gd_7_9m_gross_motor","guide","7–9 months","Gross Motor","clinical_review","no","","","3","CDC JOURNAL TEXTBOOK","non_diagnostic_language","Non-diagnostic language","ရောဂါအမည်တပ်ခြင်း မပါရှိမှု","blocking","","","","",""
"batch-0-12m","gd_7_9m_gross_motor","guide","7–9 months","Gross Motor","clinical_review","no","","","3","CDC JOURNAL TEXTBOOK","reference_relevance","Reference relevance","ကိုးကားချက် သက်ဆိုင်မှု","blocking","","","","",""
"batch-0-12m","gd_7_9m_gross_motor","guide","7–9 months","Gross Motor","clinical_review","no","","","3","CDC JOURNAL TEXTBOOK","outdated_evidence","Outdated evidence","ဟောင်းနွမ်းနေသော အထောက်အထား","advisory","","","","",""
"batch-0-12m","gd_7_9m_gross_motor","guide","7–9 months","Gross Motor","clinical_review","no","","","3","CDC JOURNAL TEXTBOOK","referral_guidance","Referral guidance","ဆရာဝန်ထံ ညွှန်းပို့ရန် လမ်းညွှန်","blocking","","","","",""
"batch-0-12m","gd_10_12m_communication","guide","10–12 months","Communication","clinical_review","no","","1 linked reference(s) old enough to look for a newer edition: who-care-for-child-development-2012","2","CDC WHO","factual_accuracy","Factual accuracy","အချက်အလက် မှန်ကန်မှု","blocking","","","","",""
"batch-0-12m","gd_10_12m_communication","guide","10–12 months","Communication","clinical_review","no","","1 linked reference(s) old enough to look for a newer edition: who-care-for-child-development-2012","2","CDC WHO","age_appropriateness","Age appropriateness","အသက်အရွယ်နှင့် သင့်တော်မှု","blocking","","","","",""
"batch-0-12m","gd_10_12m_communication","guide","10–12 months","Communication","clinical_review","no","","1 linked reference(s) old enough to look for a newer edition: who-care-for-child-development-2012","2","CDC WHO","safety","Safety","ဘေးကင်းလုံခြုံရေး","blocking","","","","",""
"batch-0-12m","gd_10_12m_communication","guide","10–12 months","Communication","clinical_review","no","","1 linked reference(s) old enough to look for a newer edition: who-care-for-child-development-2012","2","CDC WHO","myanmar_wording","Myanmar wording","မြန်မာစာ သုံးနှုန်းမှု","blocking","","","","",""
"batch-0-12m","gd_10_12m_communication","guide","10–12 months","Communication","clinical_review","no","","1 linked reference(s) old enough to look for a newer edition: who-care-for-child-development-2012","2","CDC WHO","non_diagnostic_language","Non-diagnostic language","ရောဂါအမည်တပ်ခြင်း မပါရှိမှု","blocking","","","","",""
"batch-0-12m","gd_10_12m_communication","guide","10–12 months","Communication","clinical_review","no","","1 linked reference(s) old enough to look for a newer edition: who-care-for-child-development-2012","2","CDC WHO","reference_relevance","Reference relevance","ကိုးကားချက် သက်ဆိုင်မှု","blocking","","","","",""
"batch-0-12m","gd_10_12m_communication","guide","10–12 months","Communication","clinical_review","no","","1 linked reference(s) old enough to look for a newer edition: who-care-for-child-development-2012","2","CDC WHO","outdated_evidence","Outdated evidence","ဟောင်းနွမ်းနေသော အထောက်အထား","advisory","","","","",""
"batch-0-12m","gd_10_12m_communication","guide","10–12 months","Communication","clinical_review","no","","1 linked reference(s) old enough to look for a newer edition: who-care-for-child-development-2012","2","CDC WHO","referral_guidance","Referral guidance","ဆရာဝန်ထံ ညွှန်းပို့ရန် လမ်းညွှန်","blocking","","","","",""
"batch-0-12m","gd_5_6m_play","guide","5–6 months","Play","clinical_review","no","","1 linked reference(s) old enough to look for a newer edition: who-care-for-child-development-2012","2","AAP WHO","factual_accuracy","Factual accuracy","အချက်အလက် မှန်ကန်မှု","blocking","","","","",""
"batch-0-12m","gd_5_6m_play","guide","5–6 months","Play","clinical_review","no","","1 linked reference(s) old enough to look for a newer edition: who-care-for-child-development-2012","2","AAP WHO","age_appropriateness","Age appropriateness","အသက်အရွယ်နှင့် သင့်တော်မှု","blocking","","","","",""
"batch-0-12m","gd_5_6m_play","guide","5–6 months","Play","clinical_review","no","","1 linked reference(s) old enough to look for a newer edition: who-care-for-child-development-2012","2","AAP WHO","safety","Safety","ဘေးကင်းလုံခြုံရေး","blocking","","","","",""
"batch-0-12m","gd_5_6m_play","guide","5–6 months","Play","clinical_review","no","","1 linked reference(s) old enough to look for a newer edition: who-care-for-child-development-2012","2","AAP WHO","myanmar_wording","Myanmar wording","မြန်မာစာ သုံးနှုန်းမှု","blocking","","","","",""
"batch-0-12m","gd_5_6m_play","guide","5–6 months","Play","clinical_review","no","","1 linked reference(s) old enough to look for a newer edition: who-care-for-child-development-2012","2","AAP WHO","non_diagnostic_language","Non-diagnostic language","ရောဂါအမည်တပ်ခြင်း မပါရှိမှု","blocking","","","","",""
"batch-0-12m","gd_5_6m_play","guide","5–6 months","Play","clinical_review","no","","1 linked reference(s) old enough to look for a newer edition: who-care-for-child-development-2012","2","AAP WHO","reference_relevance","Reference relevance","ကိုးကားချက် သက်ဆိုင်မှု","blocking","","","","",""
"batch-0-12m","gd_5_6m_play","guide","5–6 months","Play","clinical_review","no","","1 linked reference(s) old enough to look for a newer edition: who-care-for-child-development-2012","2","AAP WHO","outdated_evidence","Outdated evidence","ဟောင်းနွမ်းနေသော အထောက်အထား","advisory","","","","",""
"batch-0-12m","gd_5_6m_play","guide","5–6 months","Play","clinical_review","no","","1 linked reference(s) old enough to look for a newer edition: who-care-for-child-development-2012","2","AAP WHO","referral_guidance","Referral guidance","ဆရာဝန်ထံ ညွှန်းပို့ရန် လမ်းညွှန်","blocking","","","","",""
"batch-0-12m","gd_5_6m_nutrition","guide","5–6 months","Nutrition","clinical_review","no","","1 linked reference(s) evidence_required: asha-pediatric-feeding-swallowing; 1 linked reference(s) overdue for re-check: nhs-breastfeeding-first-days-2023; 1 linked reference(s) old enough to look for a newer edition: asha-pediatric-feeding-swallowing","7","AAP ASHA CDC NHS WHO","factual_accuracy","Factual accuracy","အချက်အလက် မှန်ကန်မှု","blocking","","","","",""
"batch-0-12m","gd_5_6m_nutrition","guide","5–6 months","Nutrition","clinical_review","no","","1 linked reference(s) evidence_required: asha-pediatric-feeding-swallowing; 1 linked reference(s) overdue for re-check: nhs-breastfeeding-first-days-2023; 1 linked reference(s) old enough to look for a newer edition: asha-pediatric-feeding-swallowing","7","AAP ASHA CDC NHS WHO","age_appropriateness","Age appropriateness","အသက်အရွယ်နှင့် သင့်တော်မှု","blocking","","","","",""
"batch-0-12m","gd_5_6m_nutrition","guide","5–6 months","Nutrition","clinical_review","no","","1 linked reference(s) evidence_required: asha-pediatric-feeding-swallowing; 1 linked reference(s) overdue for re-check: nhs-breastfeeding-first-days-2023; 1 linked reference(s) old enough to look for a newer edition: asha-pediatric-feeding-swallowing","7","AAP ASHA CDC NHS WHO","safety","Safety","ဘေးကင်းလုံခြုံရေး","blocking","","","","",""
"batch-0-12m","gd_5_6m_nutrition","guide","5–6 months","Nutrition","clinical_review","no","","1 linked reference(s) evidence_required: asha-pediatric-feeding-swallowing; 1 linked reference(s) overdue for re-check: nhs-breastfeeding-first-days-2023; 1 linked reference(s) old enough to look for a newer edition: asha-pediatric-feeding-swallowing","7","AAP ASHA CDC NHS WHO","myanmar_wording","Myanmar wording","မြန်မာစာ သုံးနှုန်းမှု","blocking","","","","",""
"batch-0-12m","gd_5_6m_nutrition","guide","5–6 months","Nutrition","clinical_review","no","","1 linked reference(s) evidence_required: asha-pediatric-feeding-swallowing; 1 linked reference(s) overdue for re-check: nhs-breastfeeding-first-days-2023; 1 linked reference(s) old enough to look for a newer edition: asha-pediatric-feeding-swallowing","7","AAP ASHA CDC NHS WHO","non_diagnostic_language","Non-diagnostic language","ရောဂါအမည်တပ်ခြင်း မပါရှိမှု","blocking","","","","",""
"batch-0-12m","gd_5_6m_nutrition","guide","5–6 months","Nutrition","clinical_review","no","","1 linked reference(s) evidence_required: asha-pediatric-feeding-swallowing; 1 linked reference(s) overdue for re-check: nhs-breastfeeding-first-days-2023; 1 linked reference(s) old enough to look for a newer edition: asha-pediatric-feeding-swallowing","7","AAP ASHA CDC NHS WHO","reference_relevance","Reference relevance","ကိုးကားချက် သက်ဆိုင်မှု","blocking","","","","",""
"batch-0-12m","gd_5_6m_nutrition","guide","5–6 months","Nutrition","clinical_review","no","","1 linked reference(s) evidence_required: asha-pediatric-feeding-swallowing; 1 linked reference(s) overdue for re-check: nhs-breastfeeding-first-days-2023; 1 linked reference(s) old enough to look for a newer edition: asha-pediatric-feeding-swallowing","7","AAP ASHA CDC NHS WHO","outdated_evidence","Outdated evidence","ဟောင်းနွမ်းနေသော အထောက်အထား","advisory","","","","",""
"batch-0-12m","gd_5_6m_nutrition","guide","5–6 months","Nutrition","clinical_review","no","","1 linked reference(s) evidence_required: asha-pediatric-feeding-swallowing; 1 linked reference(s) overdue for re-check: nhs-breastfeeding-first-days-2023; 1 linked reference(s) old enough to look for a newer edition: asha-pediatric-feeding-swallowing","7","AAP ASHA CDC NHS WHO","referral_guidance","Referral guidance","ဆရာဝန်ထံ ညွှန်းပို့ရန် လမ်းညွှန်","blocking","","","","",""
"batch-0-12m","gd_birth_2m_sleep","guide","Birth–2 months","Sleep","clinical_review","no","","","4","AAP HealthyChildren NHS WHO","factual_accuracy","Factual accuracy","အချက်အလက် မှန်ကန်မှု","blocking","","","","",""
"batch-0-12m","gd_birth_2m_sleep","guide","Birth–2 months","Sleep","clinical_review","no","","","4","AAP HealthyChildren NHS WHO","age_appropriateness","Age appropriateness","အသက်အရွယ်နှင့် သင့်တော်မှု","blocking","","","","",""
"batch-0-12m","gd_birth_2m_sleep","guide","Birth–2 months","Sleep","clinical_review","no","","","4","AAP HealthyChildren NHS WHO","safety","Safety","ဘေးကင်းလုံခြုံရေး","blocking","","","","",""
"batch-0-12m","gd_birth_2m_sleep","guide","Birth–2 months","Sleep","clinical_review","no","","","4","AAP HealthyChildren NHS WHO","myanmar_wording","Myanmar wording","မြန်မာစာ သုံးနှုန်းမှု","blocking","","","","",""
"batch-0-12m","gd_birth_2m_sleep","guide","Birth–2 months","Sleep","clinical_review","no","","","4","AAP HealthyChildren NHS WHO","non_diagnostic_language","Non-diagnostic language","ရောဂါအမည်တပ်ခြင်း မပါရှိမှု","blocking","","","","",""
"batch-0-12m","gd_birth_2m_sleep","guide","Birth–2 months","Sleep","clinical_review","no","","","4","AAP HealthyChildren NHS WHO","reference_relevance","Reference relevance","ကိုးကားချက် သက်ဆိုင်မှု","blocking","","","","",""
"batch-0-12m","gd_birth_2m_sleep","guide","Birth–2 months","Sleep","clinical_review","no","","","4","AAP HealthyChildren NHS WHO","outdated_evidence","Outdated evidence","ဟောင်းနွမ်းနေသော အထောက်အထား","advisory","","","","",""
"batch-0-12m","gd_birth_2m_sleep","guide","Birth–2 months","Sleep","clinical_review","no","","","4","AAP HealthyChildren NHS WHO","referral_guidance","Referral guidance","ဆရာဝန်ထံ ညွှန်းပို့ရန် လမ်းညွှန်","blocking","","","","",""
"batch-0-12m","gd_10_12m_safety","guide","10–12 months","Safety","clinical_review","no","","1 linked reference(s) old enough to look for a newer edition: tb-bright-futures-4e-2017","3","AAP CDC TEXTBOOK","factual_accuracy","Factual accuracy","အချက်အလက် မှန်ကန်မှု","blocking","","","","",""
"batch-0-12m","gd_10_12m_safety","guide","10–12 months","Safety","clinical_review","no","","1 linked reference(s) old enough to look for a newer edition: tb-bright-futures-4e-2017","3","AAP CDC TEXTBOOK","age_appropriateness","Age appropriateness","အသက်အရွယ်နှင့် သင့်တော်မှု","blocking","","","","",""
"batch-0-12m","gd_10_12m_safety","guide","10–12 months","Safety","clinical_review","no","","1 linked reference(s) old enough to look for a newer edition: tb-bright-futures-4e-2017","3","AAP CDC TEXTBOOK","safety","Safety","ဘေးကင်းလုံခြုံရေး","blocking","","","","",""
"batch-0-12m","gd_10_12m_safety","guide","10–12 months","Safety","clinical_review","no","","1 linked reference(s) old enough to look for a newer edition: tb-bright-futures-4e-2017","3","AAP CDC TEXTBOOK","myanmar_wording","Myanmar wording","မြန်မာစာ သုံးနှုန်းမှု","blocking","","","","",""
"batch-0-12m","gd_10_12m_safety","guide","10–12 months","Safety","clinical_review","no","","1 linked reference(s) old enough to look for a newer edition: tb-bright-futures-4e-2017","3","AAP CDC TEXTBOOK","non_diagnostic_language","Non-diagnostic language","ရောဂါအမည်တပ်ခြင်း မပါရှိမှု","blocking","","","","",""
"batch-0-12m","gd_10_12m_safety","guide","10–12 months","Safety","clinical_review","no","","1 linked reference(s) old enough to look for a newer edition: tb-bright-futures-4e-2017","3","AAP CDC TEXTBOOK","reference_relevance","Reference relevance","ကိုးကားချက် သက်ဆိုင်မှု","blocking","","","","",""
"batch-0-12m","gd_10_12m_safety","guide","10–12 months","Safety","clinical_review","no","","1 linked reference(s) old enough to look for a newer edition: tb-bright-futures-4e-2017","3","AAP CDC TEXTBOOK","outdated_evidence","Outdated evidence","ဟောင်းနွမ်းနေသော အထောက်အထား","advisory","","","","",""
"batch-0-12m","gd_10_12m_safety","guide","10–12 months","Safety","clinical_review","no","","1 linked reference(s) old enough to look for a newer edition: tb-bright-futures-4e-2017","3","AAP CDC TEXTBOOK","referral_guidance","Referral guidance","ဆရာဝန်ထံ ညွှန်းပို့ရန် လမ်းညွှန်","blocking","","","","",""
"batch-0-12m","act_tummy_time_mirror","activity","Birth–2 months","Gross Motor","clinical_review","no","","","3","AAP JOURNAL TEXTBOOK","factual_accuracy","Factual accuracy","အချက်အလက် မှန်ကန်မှု","blocking","","","","",""
"batch-0-12m","act_tummy_time_mirror","activity","Birth–2 months","Gross Motor","clinical_review","no","","","3","AAP JOURNAL TEXTBOOK","age_appropriateness","Age appropriateness","အသက်အရွယ်နှင့် သင့်တော်မှု","blocking","","","","",""
"batch-0-12m","act_tummy_time_mirror","activity","Birth–2 months","Gross Motor","clinical_review","no","","","3","AAP JOURNAL TEXTBOOK","safety","Safety","ဘေးကင်းလုံခြုံရေး","blocking","","","","",""
"batch-0-12m","act_tummy_time_mirror","activity","Birth–2 months","Gross Motor","clinical_review","no","","","3","AAP JOURNAL TEXTBOOK","myanmar_wording","Myanmar wording","မြန်မာစာ သုံးနှုန်းမှု","blocking","","","","",""
"batch-0-12m","act_tummy_time_mirror","activity","Birth–2 months","Gross Motor","clinical_review","no","","","3","AAP JOURNAL TEXTBOOK","non_diagnostic_language","Non-diagnostic language","ရောဂါအမည်တပ်ခြင်း မပါရှိမှု","blocking","","","","",""
"batch-0-12m","act_tummy_time_mirror","activity","Birth–2 months","Gross Motor","clinical_review","no","","","3","AAP JOURNAL TEXTBOOK","reference_relevance","Reference relevance","ကိုးကားချက် သက်ဆိုင်မှု","blocking","","","","",""
"batch-0-12m","act_tummy_time_mirror","activity","Birth–2 months","Gross Motor","clinical_review","no","","","3","AAP JOURNAL TEXTBOOK","outdated_evidence","Outdated evidence","ဟောင်းနွမ်းနေသော အထောက်အထား","advisory","","","","",""
"batch-0-12m","act_tummy_time_mirror","activity","Birth–2 months","Gross Motor","clinical_review","no","","","3","AAP JOURNAL TEXTBOOK","referral_guidance","Referral guidance","ဆရာဝန်ထံ ညွှန်းပို့ရန် လမ်းညွှန်","blocking","","","","",""
"batch-0-12m","act_sound_tracking","activity","3–4 months","Communication","clinical_review","no","","1 linked reference(s) old enough to look for a newer edition: who-care-for-child-development-2012","2","CDC WHO","factual_accuracy","Factual accuracy","အချက်အလက် မှန်ကန်မှု","blocking","","","","",""
"batch-0-12m","act_sound_tracking","activity","3–4 months","Communication","clinical_review","no","","1 linked reference(s) old enough to look for a newer edition: who-care-for-child-development-2012","2","CDC WHO","age_appropriateness","Age appropriateness","အသက်အရွယ်နှင့် သင့်တော်မှု","blocking","","","","",""
"batch-0-12m","act_sound_tracking","activity","3–4 months","Communication","clinical_review","no","","1 linked reference(s) old enough to look for a newer edition: who-care-for-child-development-2012","2","CDC WHO","safety","Safety","ဘေးကင်းလုံခြုံရေး","blocking","","","","",""
"batch-0-12m","act_sound_tracking","activity","3–4 months","Communication","clinical_review","no","","1 linked reference(s) old enough to look for a newer edition: who-care-for-child-development-2012","2","CDC WHO","myanmar_wording","Myanmar wording","မြန်မာစာ သုံးနှုန်းမှု","blocking","","","","",""
"batch-0-12m","act_sound_tracking","activity","3–4 months","Communication","clinical_review","no","","1 linked reference(s) old enough to look for a newer edition: who-care-for-child-development-2012","2","CDC WHO","non_diagnostic_language","Non-diagnostic language","ရောဂါအမည်တပ်ခြင်း မပါရှိမှု","blocking","","","","",""
"batch-0-12m","act_sound_tracking","activity","3–4 months","Communication","clinical_review","no","","1 linked reference(s) old enough to look for a newer edition: who-care-for-child-development-2012","2","CDC WHO","reference_relevance","Reference relevance","ကိုးကားချက် သက်ဆိုင်မှု","blocking","","","","",""
"batch-0-12m","act_sound_tracking","activity","3–4 months","Communication","clinical_review","no","","1 linked reference(s) old enough to look for a newer edition: who-care-for-child-development-2012","2","CDC WHO","outdated_evidence","Outdated evidence","ဟောင်းနွမ်းနေသော အထောက်အထား","advisory","","","","",""
"batch-0-12m","act_sound_tracking","activity","3–4 months","Communication","clinical_review","no","","1 linked reference(s) old enough to look for a newer edition: who-care-for-child-development-2012","2","CDC WHO","referral_guidance","Referral guidance","ဆရာဝန်ထံ ညွှန်းပို့ရန် လမ်းညွှန်","blocking","","","","",""
"batch-0-12m","act_peekaboo","activity","7–9 months","Social","clinical_review","no","","1 linked reference(s) old enough to look for a newer edition: who-care-for-child-development-2012","2","AAP WHO","factual_accuracy","Factual accuracy","အချက်အလက် မှန်ကန်မှု","blocking","","","","",""
"batch-0-12m","act_peekaboo","activity","7–9 months","Social","clinical_review","no","","1 linked reference(s) old enough to look for a newer edition: who-care-for-child-development-2012","2","AAP WHO","age_appropriateness","Age appropriateness","အသက်အရွယ်နှင့် သင့်တော်မှု","blocking","","","","",""
"batch-0-12m","act_peekaboo","activity","7–9 months","Social","clinical_review","no","","1 linked reference(s) old enough to look for a newer edition: who-care-for-child-development-2012","2","AAP WHO","safety","Safety","ဘေးကင်းလုံခြုံရေး","blocking","","","","",""
"batch-0-12m","act_peekaboo","activity","7–9 months","Social","clinical_review","no","","1 linked reference(s) old enough to look for a newer edition: who-care-for-child-development-2012","2","AAP WHO","myanmar_wording","Myanmar wording","မြန်မာစာ သုံးနှုန်းမှု","blocking","","","","",""
"batch-0-12m","act_peekaboo","activity","7–9 months","Social","clinical_review","no","","1 linked reference(s) old enough to look for a newer edition: who-care-for-child-development-2012","2","AAP WHO","non_diagnostic_language","Non-diagnostic language","ရောဂါအမည်တပ်ခြင်း မပါရှိမှု","blocking","","","","",""
"batch-0-12m","act_peekaboo","activity","7–9 months","Social","clinical_review","no","","1 linked reference(s) old enough to look for a newer edition: who-care-for-child-development-2012","2","AAP WHO","reference_relevance","Reference relevance","ကိုးကားချက် သက်ဆိုင်မှု","blocking","","","","",""
"batch-0-12m","act_peekaboo","activity","7–9 months","Social","clinical_review","no","","1 linked reference(s) old enough to look for a newer edition: who-care-for-child-development-2012","2","AAP WHO","outdated_evidence","Outdated evidence","ဟောင်းနွမ်းနေသော အထောက်အထား","advisory","","","","",""
"batch-0-12m","act_peekaboo","activity","7–9 months","Social","clinical_review","no","","1 linked reference(s) old enough to look for a newer edition: who-care-for-child-development-2012","2","AAP WHO","referral_guidance","Referral guidance","ဆရာဝန်ထံ ညွှန်းပို့ရန် လမ်းညွှန်","blocking","","","","",""
"batch-0-12m","act_cup_stacking","activity","10–12 months","Fine Motor","clinical_review","no","","","2","AAP TEXTBOOK","factual_accuracy","Factual accuracy","အချက်အလက် မှန်ကန်မှု","blocking","","","","",""
"batch-0-12m","act_cup_stacking","activity","10–12 months","Fine Motor","clinical_review","no","","","2","AAP TEXTBOOK","age_appropriateness","Age appropriateness","အသက်အရွယ်နှင့် သင့်တော်မှု","blocking","","","","",""
"batch-0-12m","act_cup_stacking","activity","10–12 months","Fine Motor","clinical_review","no","","","2","AAP TEXTBOOK","safety","Safety","ဘေးကင်းလုံခြုံရေး","blocking","","","","",""
"batch-0-12m","act_cup_stacking","activity","10–12 months","Fine Motor","clinical_review","no","","","2","AAP TEXTBOOK","myanmar_wording","Myanmar wording","မြန်မာစာ သုံးနှုန်းမှု","blocking","","","","",""
"batch-0-12m","act_cup_stacking","activity","10–12 months","Fine Motor","clinical_review","no","","","2","AAP TEXTBOOK","non_diagnostic_language","Non-diagnostic language","ရောဂါအမည်တပ်ခြင်း မပါရှိမှု","blocking","","","","",""
"batch-0-12m","act_cup_stacking","activity","10–12 months","Fine Motor","clinical_review","no","","","2","AAP TEXTBOOK","reference_relevance","Reference relevance","ကိုးကားချက် သက်ဆိုင်မှု","blocking","","","","",""
"batch-0-12m","act_cup_stacking","activity","10–12 months","Fine Motor","clinical_review","no","","","2","AAP TEXTBOOK","outdated_evidence","Outdated evidence","ဟောင်းနွမ်းနေသော အထောက်အထား","advisory","","","","",""
"batch-0-12m","act_cup_stacking","activity","10–12 months","Fine Motor","clinical_review","no","","","2","AAP TEXTBOOK","referral_guidance","Referral guidance","ဆရာဝန်ထံ ညွှန်းပို့ရန် လမ်းညွှန်","blocking","","","","",""
"batch-0-12m","act_obstacle_crawl","activity","10–12 months","Gross Motor","clinical_review","no","","","2","JOURNAL WHO","factual_accuracy","Factual accuracy","အချက်အလက် မှန်ကန်မှု","blocking","","","","",""
"batch-0-12m","act_obstacle_crawl","activity","10–12 months","Gross Motor","clinical_review","no","","","2","JOURNAL WHO","age_appropriateness","Age appropriateness","အသက်အရွယ်နှင့် သင့်တော်မှု","blocking","","","","",""
"batch-0-12m","act_obstacle_crawl","activity","10–12 months","Gross Motor","clinical_review","no","","","2","JOURNAL WHO","safety","Safety","ဘေးကင်းလုံခြုံရေး","blocking","","","","",""
"batch-0-12m","act_obstacle_crawl","activity","10–12 months","Gross Motor","clinical_review","no","","","2","JOURNAL WHO","myanmar_wording","Myanmar wording","မြန်မာစာ သုံးနှုန်းမှု","blocking","","","","",""
"batch-0-12m","act_obstacle_crawl","activity","10–12 months","Gross Motor","clinical_review","no","","","2","JOURNAL WHO","non_diagnostic_language","Non-diagnostic language","ရောဂါအမည်တပ်ခြင်း မပါရှိမှု","blocking","","","","",""
"batch-0-12m","act_obstacle_crawl","activity","10–12 months","Gross Motor","clinical_review","no","","","2","JOURNAL WHO","reference_relevance","Reference relevance","ကိုးကားချက် သက်ဆိုင်မှု","blocking","","","","",""
"batch-0-12m","act_obstacle_crawl","activity","10–12 months","Gross Motor","clinical_review","no","","","2","JOURNAL WHO","outdated_evidence","Outdated evidence","ဟောင်းနွမ်းနေသော အထောက်အထား","advisory","","","","",""
"batch-0-12m","act_obstacle_crawl","activity","10–12 months","Gross Motor","clinical_review","no","","","2","JOURNAL WHO","referral_guidance","Referral guidance","ဆရာဝန်ထံ ညွှန်းပို့ရန် လမ်းညွှန်","blocking","","","","",""